<?xml version="1.0" encoding="UTF-8"?>
<root>
  <item name="com.google.android.exoplayer2.ui.AspectRatioFrameLayout void setResizeMode(int) 0">
    <annotation name="android.support.annotation.IntDef">
      <val name="value" val="{com.google.android.exoplayer2.ui.AspectRatioFrameLayout.RESIZE_MODE_FIT, com.google.android.exoplayer2.ui.AspectRatioFrameLayout.RESIZE_MODE_FIXED_WIDTH, com.google.android.exoplayer2.ui.AspectRatioFrameLayout.RESIZE_MODE_FIXED_HEIGHT, com.google.android.exoplayer2.ui.AspectRatioFrameLayout.RESIZE_MODE_FILL}" />
    </annotation>
  </item>
  <item name="com.google.android.exoplayer2.ui.AspectRatioFrameLayout.ResizeMode">
    <annotation name="android.support.annotation.IntDef">
      <val name="value" val="{com.google.android.exoplayer2.ui.AspectRatioFrameLayout.RESIZE_MODE_FIT, com.google.android.exoplayer2.ui.AspectRatioFrameLayout.RESIZE_MODE_FIXED_WIDTH, com.google.android.exoplayer2.ui.AspectRatioFrameLayout.RESIZE_MODE_FIXED_HEIGHT, com.google.android.exoplayer2.ui.AspectRatioFrameLayout.RESIZE_MODE_FILL}" />
    </annotation>
  </item>
  <item name="com.google.android.exoplayer2.ui.SimpleExoPlayerView void setResizeMode(int) 0">
    <annotation name="android.support.annotation.IntDef">
      <val name="value" val="{com.google.android.exoplayer2.ui.AspectRatioFrameLayout.RESIZE_MODE_FIT, com.google.android.exoplayer2.ui.AspectRatioFrameLayout.RESIZE_MODE_FIXED_WIDTH, com.google.android.exoplayer2.ui.AspectRatioFrameLayout.RESIZE_MODE_FIXED_HEIGHT, com.google.android.exoplayer2.ui.AspectRatioFrameLayout.RESIZE_MODE_FILL}" />
    </annotation>
  </item>
  <item name="com.google.android.exoplayer2.ui.SubtitlePainter cueLineAnchor">
    <annotation name="android.support.annotation.IntDef">
      <val name="value" val="{com.google.android.exoplayer2.text.Cue.TYPE_UNSET, com.google.android.exoplayer2.text.Cue.ANCHOR_TYPE_START, com.google.android.exoplayer2.text.Cue.ANCHOR_TYPE_MIDDLE, com.google.android.exoplayer2.text.Cue.ANCHOR_TYPE_END}" />
    </annotation>
  </item>
  <item name="com.google.android.exoplayer2.ui.SubtitlePainter cueLineType">
    <annotation name="android.support.annotation.IntDef">
      <val name="value" val="{com.google.android.exoplayer2.text.Cue.TYPE_UNSET, com.google.android.exoplayer2.text.Cue.LINE_TYPE_FRACTION, com.google.android.exoplayer2.text.Cue.LINE_TYPE_NUMBER}" />
    </annotation>
  </item>
  <item name="com.google.android.exoplayer2.ui.SubtitlePainter cuePositionAnchor">
    <annotation name="android.support.annotation.IntDef">
      <val name="value" val="{com.google.android.exoplayer2.text.Cue.TYPE_UNSET, com.google.android.exoplayer2.text.Cue.ANCHOR_TYPE_START, com.google.android.exoplayer2.text.Cue.ANCHOR_TYPE_MIDDLE, com.google.android.exoplayer2.text.Cue.ANCHOR_TYPE_END}" />
    </annotation>
  </item>
  <item name="com.google.android.exoplayer2.ui.SubtitlePainter edgeType">
    <annotation name="android.support.annotation.IntDef">
      <val name="value" val="{com.google.android.exoplayer2.text.CaptionStyleCompat.EDGE_TYPE_NONE, com.google.android.exoplayer2.text.CaptionStyleCompat.EDGE_TYPE_OUTLINE, com.google.android.exoplayer2.text.CaptionStyleCompat.EDGE_TYPE_DROP_SHADOW, com.google.android.exoplayer2.text.CaptionStyleCompat.EDGE_TYPE_RAISED, com.google.android.exoplayer2.text.CaptionStyleCompat.EDGE_TYPE_DEPRESSED}" />
    </annotation>
  </item>
</root>

